False_Positive_Rate,True_Positive_Rate,Threshold
0.0,0.0,inf
0.0,0.006024096385542169,0.9916666666666666
0.0,0.5602409638554217,0.7667559523809525
0.0005452562704471102,0.5602409638554217,0.7663333333333331
0.0005452562704471102,0.6566265060240963,0.7314345238095237
0.0010905125408942203,0.6566265060240963,0.7311845238095238
0.0010905125408942203,0.6927710843373494,0.697093253968254
0.0016357688113413304,0.6927710843373494,0.6902321428571431
0.0016357688113413304,0.7168674698795181,0.6776458333333334
0.0021810250817884407,0.7168674698795181,0.6754702380952382
0.0021810250817884407,0.7349397590361446,0.6646666666666667
0.0027262813522355507,0.7349397590361446,0.6643928571428571
0.0027262813522355507,0.7469879518072289,0.6397559523809524
0.003271537622682661,0.7469879518072289,0.6352083333333332
0.003271537622682661,0.7530120481927711,0.6190267857142858
0.003816793893129771,0.7530120481927711,0.6181101190476191
0.003816793893129771,0.7590361445783133,0.5965892857142858
0.004362050163576881,0.7590361445783133,0.5949375000000001
0.004362050163576881,0.7650602409638554,0.5925416666666667
0.004907306434023991,0.7650602409638554,0.5905476190476191
0.004907306434023991,0.7831325301204819,0.5709583333333331
0.0054525627044711015,0.7831325301204819,0.5637500000000001
0.0054525627044711015,0.7891566265060241,0.5637261904761904
0.0059978189749182115,0.7891566265060241,0.5626011904761904
0.0059978189749182115,0.7951807228915663,0.5583749999999998
0.007088331515812432,0.7951807228915663,0.5545238095238095
0.007088331515812432,0.8132530120481928,0.5342083333333333
0.008178844056706653,0.8132530120481928,0.5207916666666668
0.008178844056706653,0.8493975903614458,0.48934523809523794
0.009814612868047983,0.8493975903614458,0.4711666666666666
0.009814612868047983,0.8554216867469879,0.46127678571428565
0.010905125408942203,0.8554216867469879,0.45725
0.010905125408942203,0.8734939759036144,0.4396488095238095
0.011995637949836423,0.8734939759036144,0.42295833333333327
0.011995637949836423,0.8795180722891566,0.4196984126984127
0.013086150490730643,0.8795180722891566,0.40907142857142864
0.013086150490730643,0.891566265060241,0.3979166666666667
0.020719738276990186,0.891566265060241,0.35863690476190485
0.020719738276990186,0.9036144578313253,0.35535714285714276
0.021264994547437296,0.9036144578313253,0.3511309523809523
0.021264994547437296,0.9096385542168675,0.35089285714285706
0.022355507088331516,0.9096385542168675,0.34622619047619047
0.022355507088331516,0.9156626506024096,0.3447083333333334
0.022900763358778626,0.9156626506024096,0.33894047619047635
0.022900763358778626,0.9216867469879518,0.33766666666666656
0.023991275899672846,0.9216867469879518,0.3316845238095238
0.023991275899672846,0.927710843373494,0.32925
0.03380588876772083,0.927710843373494,0.2869702380952381
0.03380588876772083,0.9337349397590361,0.28670833333333334
0.03489640130861505,0.9337349397590361,0.27741666666666664
0.03489640130861505,0.9397590361445783,0.2748452380952381
0.03707742639040349,0.9397590361445783,0.2724821428571429
0.03707742639040349,0.9457831325301205,0.2715416666666667
0.03871319520174482,0.9457831325301205,0.2652083333333334
0.03871319520174482,0.9518072289156626,0.2626130952380953
0.04034896401308615,0.9518072289156626,0.25705952380952385
0.04034896401308615,0.9578313253012049,0.25477976190476187
0.05016357688113413,0.9578313253012049,0.21885119047619053
0.05016357688113413,0.963855421686747,0.21791666666666665
0.05779716466739367,0.963855421686747,0.18348214285714287
0.05779716466739367,0.9698795180722891,0.1815773809523809
0.06270447110141766,0.9698795180722891,0.1613095238095238
0.06270447110141766,0.9759036144578314,0.15954166666666664
0.06652126499454744,0.9759036144578314,0.15429761904761904
0.06652126499454744,0.9819277108433735,0.15164583333333334
0.08942202835332606,0.9819277108433735,0.08032738095238096
0.08942202835332606,0.9879518072289156,0.07989583333333333
0.10305343511450382,0.9879518072289156,0.061607142857142846
0.10414394765539804,0.9879518072289156,0.06158333333333333
0.11014176663031625,0.9879518072289156,0.05695833333333335
0.11014176663031625,0.9939759036144579,0.056958333333333326
0.14721919302071973,0.9939759036144579,0.03869642857142857
0.14830970556161396,0.9939759036144579,0.03866666666666667
0.17502726281352235,0.9939759036144579,0.03025
0.17502726281352235,1.0,0.03
0.1826608505997819,1.0,0.027291666666666665
0.1837513631406761,1.0,0.027083333333333334
0.19138495092693567,1.0,0.02534523809523809
0.19247546346782987,1.0,0.025250000000000005
0.20610687022900764,1.0,0.022000000000000002
0.20719738276990185,1.0,0.02175
0.22300981461286803,1.0,0.017708333333333333
0.22410032715376227,1.0,0.0175
0.22519083969465647,1.0,0.017494047619047617
0.22737186477644494,1.0,0.017208333333333336
0.22846237731733915,1.0,0.017125
0.2300981461286805,1.0,0.017083333333333332
0.23173391494002182,1.0,0.01673809523809524
0.23282442748091603,1.0,0.016666666666666666
0.23500545256270447,1.0,0.016416666666666666
0.2366412213740458,1.0,0.01625
0.23827699018538714,1.0,0.015845238095238093
0.23936750272628135,1.0,0.01583333333333333
0.2410032715376227,1.0,0.015666666666666666
0.2420937840785169,1.0,0.015624999999999998
0.24918211559432935,1.0,0.014702380952380953
0.25081788440567065,1.0,0.014583333333333332
0.2529989094874591,1.0,0.014404761904761905
0.25408942202835333,1.0,0.014375
0.25517993456924754,1.0,0.014166666666666668
0.25627044711014174,1.0,0.014166666666666666
0.2595419847328244,1.0,0.013763888888888888
0.2617230098146129,1.0,0.01375
0.26553980370774266,1.0,0.013205357142857144
0.2677208287895311,1.0,0.013125
0.2693565976008724,1.0,0.012875
0.27044711014176664,1.0,0.012708333333333335
0.27099236641221375,1.0,0.012708333333333332
0.27317339149400216,1.0,0.012375
0.27644492911668483,1.0,0.011666666666666667
0.27753544165757904,1.0,0.011541666666666667
0.2802617230098146,1.0,0.011291666666666667
0.2824427480916031,1.0,0.01125
0.28680479825517996,1.0,0.010958333333333332
0.28789531079607417,1.0,0.010833333333333332
0.2900763358778626,1.0,0.010666666666666665
0.29171210468920394,1.0,0.010625
0.29225736095965105,1.0,0.0105
0.29334787350054525,1.0,0.010416666666666668
0.2966194111232279,1.0,0.010083333333333333
0.29880043620501634,1.0,0.01
0.3026172300981461,1.0,0.009625
0.3047982551799346,1.0,0.009583333333333333
0.3064340239912759,1.0,0.009416666666666667
0.3075245365321701,1.0,0.009375
0.30916030534351147,1.0,0.009305555555555556
0.3107960741548528,1.0,0.009166666666666667
0.3124318429661941,1.0,0.009119047619047619
0.31352235550708835,1.0,0.008958333333333334
0.31624863685932386,1.0,0.008791666666666666
0.31897491821155943,1.0,0.00875
0.32006543075245364,1.0,0.008666666666666666
0.3211559432933479,1.0,0.008625
0.3233369683751363,1.0,0.008511904761904762
0.3244274809160305,1.0,0.0085
0.326608505997819,1.0,0.008416666666666666
0.32988004362050166,1.0,0.008333333333333333
0.33151581243184297,1.0,0.008166666666666666
0.3326063249727372,1.0,0.008125
0.3336968375136314,1.0,0.008083333333333333
0.33587786259541985,1.0,0.007916666666666667
0.34133042529989094,1.0,0.007916666666666666
0.34187568157033804,1.0,0.007875
0.3440567066521265,1.0,0.007833333333333333
0.3484187568157034,1.0,0.007529761904761905
0.3505997818974918,1.0,0.0075
0.35278080697928027,1.0,0.007351190476190476
0.3538713195201745,1.0,0.007291666666666666
0.3544165757906216,1.0,0.007142857142857143
0.35605234460196294,1.0,0.007083333333333334
0.35823336968375136,1.0,0.007083333333333333
0.35986913849509267,1.0,0.0069166666666666664
0.3642311886586696,1.0,0.006875
0.3647764449291167,1.0,0.006874999999999999
0.3658669574700109,1.0,0.006750000000000001
0.366412213740458,1.0,0.0067083333333333335
0.3718647764449291,1.0,0.006666666666666666
0.37295528898582336,1.0,0.0065277777777777764
0.37404580152671757,1.0,0.006500000000000001
0.3751363140676118,1.0,0.006458333333333333
0.376226826608506,1.0,0.006458333333333332
0.37786259541984735,1.0,0.006369047619047619
0.37895310796074155,1.0,0.006333333333333333
0.3865866957470011,1.0,0.00625
0.3876772082878953,1.0,0.006083333333333334
0.3893129770992366,1.0,0.0060416666666666665
0.390948745910578,1.0,0.005952380952380954
0.3920392584514722,1.0,0.005875
0.39531079607415487,1.0,0.005833333333333334
0.39912758996728465,1.0,0.005833333333333333
0.40130861504907306,1.0,0.00575
0.40676117775354415,1.0,0.005625
0.40730643402399125,1.0,0.005583333333333333
0.4083969465648855,1.0,0.005416666666666668
0.4138495092693566,1.0,0.005416666666666666
0.4143947655398037,1.0,0.005345238095238095
0.41657579062159217,1.0,0.00525
0.4187568157033806,1.0,0.005208333333333332
0.42039258451472195,1.0,0.005124999999999999
0.42093784078516905,1.0,0.005083333333333333
0.4318429661941112,1.0,0.005
0.43293347873500543,1.0,0.004999999999999999
0.4351145038167939,1.0,0.004821428571428571
0.4372955288985823,1.0,0.004791666666666666
0.440567066521265,1.0,0.004625000000000001
0.44820065430752454,1.0,0.004583333333333333
0.44929116684841874,1.0,0.0045833333333333325
0.45038167938931295,1.0,0.004416666666666667
0.4541984732824427,1.0,0.004375
0.455288985823337,1.0,0.0043749999999999995
0.4580152671755725,1.0,0.0041964285714285714
0.4678298800436205,1.0,0.004166666666666667
0.46892039258451473,1.0,0.0040625
0.47001090512540894,1.0,0.0040416666666666665
0.4721919302071974,1.0,0.004
0.4749182115594329,1.0,0.003958333333333333
0.47546346782988,1.0,0.003875
0.4765539803707743,1.0,0.003833333333333333
0.49073064340239914,1.0,0.00375
0.49182115594329334,1.0,0.003666666666666667
0.49291166848418755,1.0,0.003583333333333333
0.4956379498364231,1.0,0.0035416666666666665
0.49781897491821153,1.0,0.0034999999999999996
0.5,1.0,0.003392857142857143
0.5016357688113413,1.0,0.0033750000000000004
0.5125408942202835,1.0,0.003333333333333333
0.5130861504907307,1.0,0.0032916666666666667
0.5141766630316249,1.0,0.0032500000000000003
0.514721919302072,1.0,0.003208333333333333
0.5158124318429662,1.0,0.0031666666666666666
0.5163576881134133,1.0,0.0031547619047619046
0.5261723009814613,1.0,0.003125
0.5267175572519084,1.0,0.0030952380952380953
0.5278080697928026,1.0,0.0030833333333333333
0.5283533260632497,1.0,0.0030625
0.5294438386041439,1.0,0.003
0.529989094874591,1.0,0.002916666666666667
0.5398037077426391,1.0,0.0029166666666666664
0.5403489640130862,1.0,0.0027976190476190475
0.5419847328244275,1.0,0.0027500000000000003
0.5430752453653217,1.0,0.002708333333333333
0.5441657579062159,1.0,0.002583333333333333
0.5806979280261723,1.0,0.0025
0.5823336968375137,1.0,0.002261904761904762
0.583969465648855,1.0,0.0022500000000000003
0.5845147219193021,1.0,0.00225
0.5856052344601963,1.0,0.0021875
0.5866957470010905,1.0,0.0021428571428571425
0.5992366412213741,1.0,0.0020833333333333333
0.6025081788440567,1.0,0.002
0.6030534351145038,1.0,0.001958333333333333
0.6150490730643402,1.0,0.001875
0.6155943293347873,1.0,0.0017857142857142857
0.6166848418756816,1.0,0.0017499999999999998
0.6390403489640131,1.0,0.0016666666666666666
0.6395856052344602,1.0,0.0016250000000000001
0.6406761177753544,1.0,0.001607142857142857
0.6412213740458015,1.0,0.0015625
0.64340239912759,1.0,0.0015
0.6444929116684842,1.0,0.0014166666666666666
0.6461286804798255,1.0,0.0013333333333333333
0.7104689203925845,1.0,0.00125
0.7115594329334788,1.0,0.0010714285714285713
0.7131952017448201,1.0,0.001
0.7137404580152672,1.0,0.0009375
0.7366412213740458,1.0,0.0008333333333333333
0.7431842966194111,1.0,0.000625
0.7459105779716467,1.0,0.0005
0.747546346782988,1.0,0.00041666666666666664
0.7480916030534351,1.0,0.00035714285714285714
1.0,1.0,0.0
